<?xml version="1.0" encoding="UTF-8"?><rss version="2.0"
	xmlns:content="http://purl.org/rss/1.0/modules/content/"
	xmlns:wfw="http://wellformedweb.org/CommentAPI/"
	xmlns:dc="http://purl.org/dc/elements/1.1/"
	xmlns:atom="http://www.w3.org/2005/Atom"
	xmlns:sy="http://purl.org/rss/1.0/modules/syndication/"
	xmlns:slash="http://purl.org/rss/1.0/modules/slash/"
	>

<channel>
	<title>Music &#8211; EarthShastri</title>
	<atom:link href="http://www.earthshastri.github.io/product-category/music/feed/" rel="self" type="application/rss+xml" />
	<link>http://www.earthshastri.github.io/</link>
	<description>Just another WordPress site</description>
	<lastBuildDate>Mon, 03 Aug 2020 12:35:28 +0000</lastBuildDate>
	<language>en-US</language>
	<sy:updatePeriod>
	hourly	</sy:updatePeriod>
	<sy:updateFrequency>
	1	</sy:updateFrequency>
	<generator>https://wordpress.org/?v=6.0</generator>
	<item>
		<title>Album</title>
		<link>http://www.earthshastri.github.io/product/album/</link>
					<comments>http://www.earthshastri.github.io/product/album/#respond</comments>
		
		<dc:creator><![CDATA[ESAdmin]]></dc:creator>
		<pubDate>Mon, 03 Aug 2020 12:35:28 +0000</pubDate>
				<guid isPermaLink="false">http://demo.athemes.com/sydney-shop/product/import-placeholder-for-73/</guid>

					<description><![CDATA[This is a simple, virtual product.]]></description>
										<content:encoded><![CDATA[<p>Lorem ipsum dolor sit amet, consectetur adipiscing elit. Vestibulum sagittis orci ac odio dictum tincidunt. Donec ut metus leo. Class aptent taciti sociosqu ad litora torquent per conubia nostra, per inceptos himenaeos. Sed luctus, dui eu sagittis sodales, nulla nibh sagittis augue, vel porttitor diam enim non metus. Vestibulum aliquam augue neque. Phasellus tincidunt odio eget ullamcorper efficitur. Cras placerat ut turpis pellentesque vulputate. Nam sed consequat tortor. Curabitur finibus sapien dolor. Ut eleifend tellus nec erat pulvinar dignissim. Nam non arcu purus. Vivamus et massa massa.</p>
]]></content:encoded>
					
					<wfw:commentRss>http://www.earthshastri.github.io/product/album/feed/</wfw:commentRss>
			<slash:comments>0</slash:comments>
		
		
			</item>
		<item>
		<title>Single</title>
		<link>http://www.earthshastri.github.io/product/single/</link>
					<comments>http://www.earthshastri.github.io/product/single/#respond</comments>
		
		<dc:creator><![CDATA[ESAdmin]]></dc:creator>
		<pubDate>Mon, 03 Aug 2020 12:35:28 +0000</pubDate>
				<guid isPermaLink="false">http://demo.athemes.com/sydney-shop/product/import-placeholder-for-75/</guid>

					<description><![CDATA[This is a simple, virtual product.]]></description>
										<content:encoded><![CDATA[<p>Lorem ipsum dolor sit amet, consectetur adipiscing elit. Vestibulum sagittis orci ac odio dictum tincidunt. Donec ut metus leo. Class aptent taciti sociosqu ad litora torquent per conubia nostra, per inceptos himenaeos. Sed luctus, dui eu sagittis sodales, nulla nibh sagittis augue, vel porttitor diam enim non metus. Vestibulum aliquam augue neque. Phasellus tincidunt odio eget ullamcorper efficitur. Cras placerat ut turpis pellentesque vulputate. Nam sed consequat tortor. Curabitur finibus sapien dolor. Ut eleifend tellus nec erat pulvinar dignissim. Nam non arcu purus. Vivamus et massa massa.</p>
]]></content:encoded>
					
					<wfw:commentRss>http://www.earthshastri.github.io/product/single/feed/</wfw:commentRss>
			<slash:comments>0</slash:comments>
		
		
			</item>
	</channel>
</rss>
