<?xml version="1.0" encoding="UTF-8"?><rss version="2.0"
	xmlns:content="http://purl.org/rss/1.0/modules/content/"
	xmlns:dc="http://purl.org/dc/elements/1.1/"
	xmlns:atom="http://www.w3.org/2005/Atom"
	xmlns:sy="http://purl.org/rss/1.0/modules/syndication/"
	
	>
<channel>
	<title>
	Comments on: Hoodie with Logo	</title>
	<atom:link href="http://www.earthshastri.github.io/product/hoodie-with-logo/feed/" rel="self" type="application/rss+xml" />
	<link>http://www.earthshastri.github.io/product/hoodie-with-logo/</link>
	<description>Just another WordPress site</description>
	<lastBuildDate>Mon, 03 Aug 2020 12:35:28 +0000</lastBuildDate>
	<sy:updatePeriod>
	hourly	</sy:updatePeriod>
	<sy:updateFrequency>
	1	</sy:updateFrequency>
	<generator>https://wordpress.org/?v=6.0</generator>
</channel>
</rss>
