<?xml version="1.0" encoding="UTF-8"?><rss version="2.0"
	xmlns:content="http://purl.org/rss/1.0/modules/content/"
	xmlns:wfw="http://wellformedweb.org/CommentAPI/"
	xmlns:dc="http://purl.org/dc/elements/1.1/"
	xmlns:atom="http://www.w3.org/2005/Atom"
	xmlns:sy="http://purl.org/rss/1.0/modules/syndication/"
	xmlns:slash="http://purl.org/rss/1.0/modules/slash/"
	>

<channel>
	<title>Uncategorized &#8211; EarthShastri</title>
	<atom:link href="http://www.earthshastri.github.io/category/uncategorized/feed/" rel="self" type="application/rss+xml" />
	<link>http://www.earthshastri.github.io/</link>
	<description>Just another WordPress site</description>
	<lastBuildDate>Sun, 29 May 2022 15:34:37 +0000</lastBuildDate>
	<language>en-US</language>
	<sy:updatePeriod>
	hourly	</sy:updatePeriod>
	<sy:updateFrequency>
	1	</sy:updateFrequency>
	<generator>https://wordpress.org/?v=6.0</generator>
	<item>
		<title>Hello world!</title>
		<link>http://www.earthshastri.github.io/2022/05/29/hello-world/</link>
					<comments>http://www.earthshastri.github.io/2022/05/29/hello-world/#comments</comments>
		
		<dc:creator><![CDATA[ESAdmin]]></dc:creator>
		<pubDate>Sun, 29 May 2022 15:34:37 +0000</pubDate>
				<category><![CDATA[Uncategorized]]></category>
		<guid isPermaLink="false">http://www.earthshastri.github.io/?p=1</guid>

					<description><![CDATA[Welcome to WordPress. This is your first post. Edit or delete it, [&#8230;]]]></description>
										<content:encoded><![CDATA[
<p>Welcome to WordPress. This is your first post. Edit or delete it, then start writing!</p>
]]></content:encoded>
					
					<wfw:commentRss>http://www.earthshastri.github.io/2022/05/29/hello-world/feed/</wfw:commentRss>
			<slash:comments>1</slash:comments>
		
		
			</item>
		<item>
		<title>Hello world!</title>
		<link>http://www.earthshastri.github.io/2020/08/03/hello-world-2/</link>
					<comments>http://www.earthshastri.github.io/2020/08/03/hello-world-2/#respond</comments>
		
		<dc:creator><![CDATA[ESAdmin]]></dc:creator>
		<pubDate>Mon, 03 Aug 2020 11:14:09 +0000</pubDate>
				<category><![CDATA[Uncategorized]]></category>
		<guid isPermaLink="false">http://demo.athemes.com/sydney-shop/?p=1</guid>

					<description><![CDATA[Welcome to aThemes Demo Sites. This is your first post. Edit or [&#8230;]]]></description>
										<content:encoded><![CDATA[<p>Welcome to <a href="http://demo.athemes.com/">aThemes Demo Sites</a>. This is your first post. Edit or delete it, then start blogging!</p>
]]></content:encoded>
					
					<wfw:commentRss>http://www.earthshastri.github.io/2020/08/03/hello-world-2/feed/</wfw:commentRss>
			<slash:comments>0</slash:comments>
		
		
			</item>
	</channel>
</rss>
