<?xml version="1.0" encoding="UTF-8"?><rss version="2.0"
	xmlns:content="http://purl.org/rss/1.0/modules/content/"
	xmlns:wfw="http://wellformedweb.org/CommentAPI/"
	xmlns:dc="http://purl.org/dc/elements/1.1/"
	xmlns:atom="http://www.w3.org/2005/Atom"
	xmlns:sy="http://purl.org/rss/1.0/modules/syndication/"
	xmlns:slash="http://purl.org/rss/1.0/modules/slash/"
	>

<channel>
	<title>Decor &#8211; EarthShastri</title>
	<atom:link href="http://www.earthshastri.github.io/product-category/decor/feed/" rel="self" type="application/rss+xml" />
	<link>http://www.earthshastri.github.io/</link>
	<description>Just another WordPress site</description>
	<lastBuildDate>Mon, 03 Aug 2020 12:35:29 +0000</lastBuildDate>
	<language>en-US</language>
	<sy:updatePeriod>
	hourly	</sy:updatePeriod>
	<sy:updateFrequency>
	1	</sy:updateFrequency>
	<generator>https://wordpress.org/?v=6.0</generator>
	<item>
		<title>WordPress Pennant</title>
		<link>http://www.earthshastri.github.io/product/wordpress-pennant/</link>
					<comments>http://www.earthshastri.github.io/product/wordpress-pennant/#respond</comments>
		
		<dc:creator><![CDATA[ESAdmin]]></dc:creator>
		<pubDate>Mon, 03 Aug 2020 12:35:29 +0000</pubDate>
				<guid isPermaLink="false">http://demo.athemes.com/sydney-shop/product/import-placeholder-for-89/</guid>

					<description><![CDATA[This is an external product.]]></description>
										<content:encoded><![CDATA[<p>Pellentesque habitant morbi tristique senectus et netus et malesuada fames ac turpis egestas. Vestibulum tortor quam, feugiat vitae, ultricies eget, tempor sit amet, ante. Donec eu libero sit amet quam egestas semper. Aenean ultricies mi vitae est. Mauris placerat eleifend leo.</p>
]]></content:encoded>
					
					<wfw:commentRss>http://www.earthshastri.github.io/product/wordpress-pennant/feed/</wfw:commentRss>
			<slash:comments>0</slash:comments>
		
		
			</item>
	</channel>
</rss>
